{
  "training0": {
    "cost": [
      0.07107935855309244,
      0.10851684012897422,
      0.06691522534991906,
      0.24677648823749332,
      -0.10402788479688563
    ],
    "acc": [
      0.9983333333333333,
      0.9979166666666667,
      0.9991666666666666,
      0.9991666666666666,
      0.9995833333333334
    ],
    "time": [
      4.699671500002296,
      4.963981700002478,
      5.63017949999994,
      6.307239499998104,
      2.7763412999993307
    ]
  },
  "training1": {
    "cost": [
      -1.1358773133567999,
      -1.1516193182843755,
      0.33902632184654813,
      -0.039814957294368014,
      -0.35878174588337064
    ],
    "acc": [
      0.9775,
      0.9983333333333333,
      0.97875,
      0.9479166666666666,
      1.0
    ],
    "time": [
      44.704465400001936,
      47.498030599999765,
      59.65776410000035,
      57.53518009999971,
      63.906687700000475
    ]
  },
  "training2": {
    "cost": [
      14.1664614807679,
      157.35406874519424,
      -10.22279561137881,
      15.17072162777086,
      3.6492128379373803
    ],
    "acc": [
      0.36875,
      0.5004166666666666,
      0.91125,
      0.4479166666666667,
      0.3541666666666667
    ],
    "time": [
      218.39623189999838,
      151.6879904999987,
      155.13383880000038,
      147.42495989999952,
      108.96994849999828
    ]
  },
  "training3": {
    "cost": [
      19.652840067691734,
      75.96114977812611,
      -3.9268111013979716,
      3.2551978921076614,
      6.1276534458806395
    ],
    "acc": [
      0.6391666666666667,
      0.20291666666666666,
      0.775,
      0.4058333333333333,
      0.85375
    ],
    "time": [
      153.22627329999887,
      159.46536879999985,
      101.41843019999942,
      86.82241970000177,
      144.1499229000001
    ]
  },
  "training4": {
    "cost": [
      -8.89350616504281,
      18.857530335486665,
      14.163025990845123,
      -1.4295116815576012,
      6.678527786905423
    ],
    "acc": [
      0.9466666666666667,
      0.70125,
      0.8595833333333334,
      0.9629166666666666,
      0.5370833333333334
    ],
    "time": [
      114.16606499999762,
      155.86962229999335,
      129.54734939999616,
      82.43281879999995,
      141.1308732000034
    ]
  },
  "training5": {
    "cost": [
      -4.307279370126009,
      59.403779147937954,
      8.558170144817463,
      6.502999021597759,
      212.54772762690254
    ],
    "acc": [
      0.65875,
      0.23458333333333334,
      0.2325,
      0.99,
      0.3770833333333333
    ],
    "time": [
      128.30501319999894,
      152.65088309999555,
      121.83179319999908,
      188.24337060000107,
      141.82431769999675
    ]
  }
}