{
  "training0": {
    "cost": [
      -9107.419864324625,
      -8677.804769216853,
      -8656.630036909517,
      -8397.401337548617,
      -7847.153251320646
    ],
    "acc": [
      0.4979166666666667,
      0.49333333333333335,
      0.49416666666666664,
      0.9870833333333333,
      0.7454166666666666
    ],
    "time": [
      11.540376899996772,
      10.175705199995718,
      9.792343300003267,
      10.363553399998636,
      9.573684800001502
    ]
  },
  "training1": {
    "cost": [
      -43080.754328855866,
      -45611.99892829663,
      -66109.28347430036,
      -80105.2824511273,
      -95284.15412413338
    ],
    "acc": [
      0.9658333333333333,
      0.9966666666666667,
      0.95125,
      0.49916666666666665,
      0.49833333333333335
    ],
    "time": [
      2.962498900000355,
      4.115822200001276,
      3.3460555000056047,
      4.976369299998623,
      4.584162099999958
    ]
  },
  "training2": {
    "cost": [
      -280550.5978692798,
      -299390.93331129506,
      -242183.55997451037,
      -277646.1313497358,
      -264275.7022812759
    ],
    "acc": [
      0.9979166666666667,
      0.99875,
      0.9870833333333333,
      0.6220833333333333,
      0.9775
    ],
    "time": [
      12.85260389999894,
      12.870090399999754,
      7.923943200003123,
      18.96918330000335,
      42.16925269999774
    ]
  },
  "training3": {
    "cost": [
      -2135.844984599072,
      -1089.440484827317,
      -1114.7209648984724,
      -1153.6897842939939,
      -1202.8379761658648
    ],
    "acc": [
      0.5125,
      0.7320833333333333,
      0.5279166666666667,
      0.9954166666666666,
      0.9904166666666666
    ],
    "time": [
      6.3328104999964125,
      4.819284600001993,
      3.8737994999974035,
      3.907207999996899,
      3.818523699999787
    ]
  },
  "training4": {
    "cost": [
      -6140.4194942138865,
      -4598.531173840283,
      -5798.635687585472,
      -4773.430008372873,
      -4633.503705008129
    ],
    "acc": [
      0.9991666666666666,
      0.9991666666666666,
      0.9991666666666666,
      0.9995833333333334,
      0.9991666666666666
    ],
    "time": [
      4.871113100001821,
      8.924884899999597,
      10.805812600003264,
      8.35473159999674,
      3.6476359000007506
    ]
  },
  "training5": {
    "cost": [
      -18908.406033465275,
      -29226.660047767997,
      -19753.529464576633,
      -39109.7510885988,
      -18046.329327115458
    ],
    "acc": [
      0.79125,
      0.49375,
      0.7841666666666667,
      0.50375,
      0.96875
    ],
    "time": [
      68.40630499999679,
      142.64834780000092,
      81.34822590000113,
      124.38155389999883,
      71.40881649999938
    ]
  },
  "training6": {
    "cost": [
      -109129.17742028284,
      -101993.29066964074,
      -105421.01767774412,
      -107663.52804308588,
      -109643.82167666919
    ],
    "acc": [
      0.4970833333333333,
      0.9975,
      0.49583333333333335,
      0.5129166666666667,
      0.92375
    ],
    "time": [
      43.38823849999608,
      43.39799880000646,
      42.899212199998146,
      43.29535609999584,
      41.879541399997834
    ]
  },
  "training7": {
    "cost": [
      -1050385.6880400793,
      -1032662.3989250474,
      -1069973.660074907,
      -1011014.9767841222,
      -1069401.2381749505
    ],
    "acc": [
      0.9995833333333334,
      0.9975,
      0.9983333333333333,
      0.9983333333333333,
      0.99875
    ],
    "time": [
      621.0203842999981,
      583.1473533000026,
      608.5872105000017,
      694.1303386,
      632.3762404000008
    ]
  },
  "training8": {
    "cost": [
      -20369184.223851744,
      -27409788.924354665,
      -22076765.179182652,
      -21501804.6860835,
      -27664881.469554063
    ],
    "acc": [
      0.9983333333333333,
      0.9995833333333334,
      0.9979166666666667,
      0.9991666666666666,
      0.9983333333333333
    ],
    "time": [
      1667.924111799999,
      2067.3362602999987,
      1785.3849866000019,
      1645.0672521000015,
      2066.1120462000035
    ]
  }
}